{"cameraMode":{"drawMode":0,"name":"Shaded","section":"Shading Mode"},"sceneLighting":true,"audioPlay":false,"sceneViewState":{"showFog":true,"showMaterialUpdate":false,"showSkybox":true,"showFlares":true,"showImageEffects":true,"showParticleSystems":true},"in2DMode":false,"pivot":{"x":49.21923828125,"y":1.2608642578125,"z":46.625762939453128},"rotation":{"x":0.07209474593400955,"y":0.9079723358154297,"z":-0.17509092390537263,"w":0.3738434612751007},"size":1.7492477893829346,"orthographic":true}