{"cameraMode":{"drawMode":0,"name":"Shaded","section":"Shading Mode"},"sceneLighting":true,"audioPlay":false,"sceneViewState":{"showFog":true,"showMaterialUpdate":false,"showSkybox":true,"showFlares":true,"showImageEffects":true,"showParticleSystems":true},"in2DMode":false,"pivot":{"x":49.68845748901367,"y":0.12675659358501435,"z":47.5701904296875},"rotation":{"x":-0.14909584820270539,"y":0.15328988432884217,"z":-0.023402700200676919,"w":-0.9765897989273071},"size":0.8434795141220093,"orthographic":true}